;dual pi;dual sigma;optimal sets;val
0;[   0. 1000.    0.];0.0;{0: ((0, 0, 0, 1, 0, 0), 264.756446991404)};40000.00000000001
0;[ 0.         88.06112703  0.        ];137.77777777777777;{0: ((0, 0, 0, 1, 0, 0), 264.756446991404), 1: ((0, 1, 0, 0, 0, 0), 35.243553008595995)};44855.77841451768
0;[332.99874529   0.           0.        ];151.0822510822511;{0: ((0, 0, 0, 1, 0, 0), 160.87829360100378), 2: ((1, 1, 0, 1, 1, 1), 139.12170639899625)};53316.64521175187
0;[161.90505354   0.           0.        ];180.59776457272213;{2: ((1, 1, 0, 1, 1, 1), 139.12170639899625), 3: ((0, 0, 1, 1, 1, 1), 160.87829360100378)};58065.050656856256
0;[ 833.55190587 1020.39649866    0.        ];0.0;{3: ((0, 0, 1, 1, 1, 1), 29.119435324734845), 4: ((0, 1, 1, 1, 1, 1), 263.58881875563566)};60821.1056873602
0;[744.17104936 838.69422875   0.        ];32.159090909090914;{3: ((0, 0, 1, 1, 1, 1), 29.119435324734845), 4: ((0, 1, 1, 1, 1, 1), 263.58881875563566), 5: ((0, 0, 0, 0, 0, 1), 7.291745919629502)};61055.60160727556
0;[442.06260687 224.53822376   0.        ];140.85723103890228;{3: ((0, 0, 1, 1, 1, 1), 10.622553497755495), 4: ((0, 1, 1, 1, 1, 1), 263.58881875563566), 6: ((0, 0, 0, 1, 1, 1), 25.788627746608846)};61848.200827038425
0;[434.43870074 209.03959125   0.        ];143.60030041404525;{3: ((0, 0, 1, 1, 1, 1), 42.23802581646345), 4: ((0, 1, 1, 1, 1, 1), 220.65374103751958), 7: ((0, 1, 0, 1, 1, 1), 37.108233146016964)};61868.20259196188
