;dual pi;dual sigma;optimal sets;val
0;[   0. 1000.    0.];0.0;{0: ((0, 0, 0, 1, 0, 0), 269.47504860661047)};59999.99999999999
0;[ 0.         95.04960367  0.        ];201.49184149184148;{0: ((0, 0, 0, 1, 0, 0), 269.47504860661047), 1: ((0, 1, 0, 0, 0, 0), 30.52495139338953)};66150.52866770301
0;[288.19492196   0.           0.        ];222.65512265512265;{0: ((0, 0, 0, 1, 0, 0), 41.058941058941116), 2: ((0, 1, 0, 1, 1, 0), 258.9410589410589)};77171.55398713841
0;[175.87866679   0.           0.        ];238.27020202020202;{2: ((0, 1, 0, 1, 1, 0), 258.9410589410589), 3: ((0, 0, 1, 1, 1, 0), 41.058941058941116)};77812.69261041988
0;[135.11235955   0.           0.        ];243.93785112359558;{2: ((0, 1, 0, 1, 1, 0), 57.216622604097765), 4: ((0, 1, 1, 1, 1, 0), 242.78337739590222)};78045.40028089887
