;dual pi;dual sigma;optimal sets;val
0;[0. 0. 0.];151.0822510822511;{0: ((0, 0, 0, 1, 0, 0), 300.0)};45324.67532467533
0;[388.81198884   0.           0.        ];151.0822510822511;{0: ((0, 0, 0, 1, 0, 0), 67.26365054602186), 1: ((1, 1, 1, 1, 1, 1), 232.73634945397814)};59321.90692303017
0;[197.99718712   0.           0.        ];180.59776457272213;{1: ((1, 1, 1, 1, 1, 1), 232.73634945397814), 2: ((0, 0, 1, 1, 1, 1), 67.26365054602186)};61307.22810813961
0;[6.80600642 0.         0.        ];210.17149691496715;{1: ((1, 1, 1, 1, 1, 1), 136.48675274404326), 3: ((0, 1, 1, 1, 1, 1), 163.51324725595674)};63296.46530574996
