;dual pi;dual sigma;optimal sets;val
0;[   0. 1000.    0.];0.0;{0: ((0, 0, 0, 1, 0, 0), 134.73752430330524)};29999.999999999996
0;[ 800. 1000.    0.];0.0;{0: ((0, 0, 0, 1, 0, 0), 134.73752430330524), 1: ((0, 1, 0, 0, 0, 0), 71.46691346598797)};44400.0
0;[512.1471541  674.38431627   0.        ];72.50000000000001;{0: ((0, 0, 0, 1, 0, 0), 134.73752430330524), 1: ((0, 1, 0, 0, 0, 0), 71.46691346598797), 2: ((0, 0, 0, 0, 0, 1), 93.79556223070679)};51200.17826172624
0;[682.79095898 867.41453984 355.68966708];29.520831894181363;{0: ((0, 0, 0, 1, 0, 0), 86.11341997117773), 1: ((0, 1, 0, 0, 0, 0), 21.444079104250854), 2: ((0, 0, 0, 0, 0, 1), 95.08665932957585), 3: ((0, 1, 0, 1, 1, 1), 97.35584159499557)};55705.475035016214
0;[726.5107208  822.2724002  272.50791282];39.57196053365228;{0: ((0, 0, 0, 1, 0, 0), 66.37430896924528), 2: ((0, 0, 0, 0, 0, 1), 99.95703057510089), 3: ((0, 1, 0, 1, 1, 1), 83.14606140715772), 4: ((0, 1, 0, 1, 0, 1), 50.52259904849611)};56157.143048129634
0;[687.45267425 867.87145031 270.38899433];39.82799651818421;{2: ((0, 0, 0, 0, 0, 1), 91.50247448122977), 3: ((0, 1, 0, 1, 1, 1), 61.410403334761305), 4: ((0, 1, 0, 1, 0, 1), 70.15160839095671), 5: ((0, 0, 0, 1, 0, 1), 76.93551379305222)};56848.02646543081
