;dual pi;dual sigma;optimal sets;val
0;[   0. 1000.    0.];0.0;{0: ((0, 0, 0, 1, 0, 0), 269.47504860661047)};59999.99999999999
0;[ 0.         95.04960367  0.        ];201.49184149184148;{0: ((0, 0, 0, 1, 0, 0), 269.47504860661047), 1: ((0, 1, 0, 0, 0, 0), 30.52495139338953)};66150.52866770301
0;[342.14097591   0.           0.        ];222.65512265512265;{0: ((0, 0, 0, 1, 0, 0), 41.058941058941116), 2: ((0, 1, 0, 1, 1, 0), 258.9410589410589)};79113.61192919636
0;[173.63091454   0.           0.        ];246.08270202020202;{2: ((0, 1, 0, 1, 1, 0), 258.9410589410589), 3: ((0, 0, 1, 1, 1, 0), 41.058941058941116)};80075.52352950082
0;[121.82129874   0.           0.        ];253.28567777181104;{2: ((0, 1, 0, 1, 1, 0), 57.216622604097765), 4: ((0, 1, 1, 1, 1, 0), 242.78337739590222)};80371.27008633509
