;dual pi;dual sigma;optimal sets;val
0;[   0. 1000.    0.];0.0;{0: ((0, 0, 0, 1, 0, 0), 224.56254050550874)};50000.0
0;[ 0.         95.04960367  0.        ];201.49184149184148;{0: ((0, 0, 0, 1, 0, 0), 224.56254050550874), 1: ((0, 1, 0, 0, 0, 0), 75.43745949449126)};65200.03263101124
0;[288.19492196   0.           0.        ];222.65512265512265;{0: ((0, 0, 0, 1, 0, 0), 84.21578421578425), 2: ((0, 1, 0, 1, 1, 0), 215.78421578421575)};75442.38445537147
0;[175.87866679   0.           0.        ];238.27020202020202;{2: ((0, 1, 0, 1, 1, 0), 215.78421578421575), 3: ((0, 0, 1, 1, 1, 0), 84.21578421578425)};76757.42060969333
0;[208.46031098  34.40413444   0.        ];229.64062241143662;{2: ((0, 1, 0, 1, 1, 0), 121.48555824930713), 3: ((0, 0, 1, 1, 1, 0), 65.0222591676061), 4: ((0, 1, 1, 1, 1, 0), 113.49218258308677)};76866.20277472361
