;dual pi;dual sigma;optimal sets;val
0;[   0. 1000.    0.];0.0;{0: ((0, 0, 0, 1, 0, 0), 134.73752430330524)};29999.999999999996
0;[ 800. 1000.    0.];0.0;{0: ((0, 0, 0, 1, 0, 0), 134.73752430330524), 1: ((0, 1, 0, 0, 0, 0), 71.46691346598797)};44400.0
0;[512.1471541  674.38431627   0.        ];72.50000000000001;{0: ((0, 0, 0, 1, 0, 0), 134.73752430330524), 1: ((0, 1, 0, 0, 0, 0), 71.46691346598797), 2: ((0, 0, 0, 0, 0, 1), 93.79556223070679)};51200.17826172624
0;[678.48458902 862.54322585 346.71347661];30.605454909052693;{0: ((0, 0, 0, 1, 0, 0), 93.95076655054575), 1: ((0, 1, 0, 0, 0, 0), 29.506876253117138), 2: ((0, 0, 0, 0, 0, 1), 94.87855728696883), 3: ((0, 1, 0, 1, 1, 1), 81.66379990936828)};55591.77928927481
0;[727.77430674 825.32827582 278.13886203];38.89155417150731;{0: ((0, 0, 0, 1, 0, 0), 66.71078663172354), 2: ((0, 0, 0, 0, 0, 1), 101.27112657652665), 3: ((0, 1, 0, 1, 1, 1), 66.11602489840715), 4: ((0, 1, 0, 1, 0, 1), 65.90206189334268)};56202.584736134006
0;[689.53422149 870.31514958 276.48510432];39.09138322797857;{2: ((0, 0, 0, 0, 0, 1), 92.4401476107613), 3: ((0, 1, 0, 1, 1, 1), 48.76765228026058), 4: ((0, 1, 0, 1, 0, 1), 81.56900729080229), 5: ((0, 0, 0, 1, 0, 1), 77.22319281817585)};56884.12794613262
