;dual pi;dual sigma;optimal sets;val
0;[   0. 1000.    0.];0.0;{0: ((0, 0, 0, 1, 0, 0), 89.8250162022035)};20000.0
0;[ 800. 1000.    0.];0.0;{0: ((0, 0, 0, 1, 0, 0), 89.8250162022035), 1: ((0, 1, 0, 0, 0, 0), 47.64460897732531)};29600.0
0;[ 800. 1000.  600.];0.0;{0: ((0, 0, 0, 1, 0, 0), 89.8250162022035), 1: ((0, 1, 0, 0, 0, 0), 47.64460897732531), 2: ((0, 0, 0, 0, 0, 1), 132.41379310344826)};39200.0
0;[ 800. 1000.  600.];0.0;{0: ((0, 0, 0, 1, 0, 0), 89.8250162022035), 1: ((0, 1, 0, 0, 0, 0), 47.64460897732531), 2: ((0, 0, 0, 0, 0, 1), 132.41379310344826)};39200.0
