;dual pi;dual sigma;optimal sets;val
0;[   0. 1000.    0.];0.0;{0: ((0, 0, 0, 1, 0, 0), 179.650032404407)};40000.0
0;[ 800. 1000.    0.];0.0;{0: ((0, 0, 0, 1, 0, 0), 179.650032404407), 1: ((0, 1, 0, 0, 0, 0), 95.28921795465062)};59200.0
0;[512.1471541  674.38431627   0.        ];72.50000000000001;{0: ((0, 0, 0, 1, 0, 0), 179.650032404407), 1: ((0, 1, 0, 0, 0, 0), 95.28921795465062), 2: ((0, 0, 0, 0, 0, 1), 25.060749640942404)};61016.904348968324
0;[869.73901827 674.38431627   0.        ];72.50000000000001;{0: ((0, 0, 0, 1, 0, 0), 87.02527543745948), 2: ((0, 0, 0, 0, 0, 1), 27.52017910799509), 3: ((0, 1, 0, 1, 1, 1), 185.45454545454544)};69599.10908922575
0;[700.50324649 849.12600114 321.99005195];33.59286872225097;{0: ((0, 0, 0, 1, 0, 0), 59.4179772751525), 2: ((0, 0, 0, 0, 0, 1), 19.41965292637998), 3: ((0, 1, 0, 1, 1, 1), 185.45454545454544), 4: ((0, 0, 0, 1, 1, 1), 35.70782434392209)};71158.66024033746
0;[691.25772721 864.09330497 260.96394358];40.966856817658325;{2: ((0, 0, 0, 0, 0, 1), 12.256955656638635), 3: ((0, 1, 0, 1, 1, 1), 185.45454545454544), 4: ((0, 0, 0, 1, 1, 1), 18.83791741110746), 5: ((0, 0, 0, 1, 0, 1), 83.45058147770847)};71794.8208916326
