;dual pi;dual sigma;optimal sets;val
0;[   0. 1000.    0.];0.0;{0: ((0, 0, 0, 1, 0, 0), 179.650032404407)};40000.0
0;[ 800. 1000.    0.];0.0;{0: ((0, 0, 0, 1, 0, 0), 179.650032404407), 1: ((0, 1, 0, 0, 0, 0), 95.28921795465062)};59200.0
0;[512.1471541  674.38431627   0.        ];72.50000000000001;{0: ((0, 0, 0, 1, 0, 0), 179.650032404407), 1: ((0, 1, 0, 0, 0, 0), 95.28921795465062), 2: ((0, 0, 0, 0, 0, 1), 25.060749640942404)};61016.904348968324
0;[927.69356373 674.38431627   0.        ];72.50000000000001;{0: ((0, 0, 0, 1, 0, 0), 87.02527543745948), 2: ((0, 0, 0, 0, 0, 1), 27.52017910799509), 3: ((0, 1, 0, 1, 1, 1), 185.45454545454544)};70990.01818013484
0;[698.71497202 847.26878876 318.56783528];34.006386570921;{0: ((0, 0, 0, 1, 0, 0), 86.0284750783554), 2: ((0, 0, 0, 0, 0, 1), 27.227698208223792), 3: ((0, 1, 0, 1, 1, 1), 185.45454545454544), 4: ((0, 0, 0, 1, 1, 1), 1.2892812588753841)};71055.99757905054
0;[664.72915553 886.97360192 318.0416736 ];34.0699644401362;{1: ((0, 1, 0, 0, 0, 0), 9.370791910015708), 2: ((0, 0, 0, 0, 0, 1), 12.698202943490159), 3: ((0, 1, 0, 1, 1, 1), 167.21684772206785), 5: ((0, 0, 0, 1, 0, 1), 110.7141574244263)};71830.76669663304
0;[684.16736254 873.91939575 285.47634208];38.004941998788915;{2: ((0, 0, 0, 0, 0, 1), 11.073893935831697), 3: ((0, 1, 0, 1, 1, 1), 165.11044894889372), 5: ((0, 0, 0, 1, 0, 1), 111.92574872107964), 6: ((0, 1, 0, 0, 0, 1), 11.889908394194928)};71913.51807700776
0;[689.53422149 870.31514958 276.48510432];39.09138322797857;{2: ((0, 0, 0, 0, 0, 1), 15.873531732705771), 3: ((0, 1, 0, 1, 1, 1), 164.52887549944444), 5: ((0, 0, 0, 1, 0, 1), 100.70006642299234), 7: ((0, 1, 0, 1, 0, 1), 18.897526344857457)};71936.36560537897
