;dual pi;dual sigma;optimal sets;val
0;[0. 0. 0. 0.];2.1333333333333333;{0: ((0, 0, 0, 1, 0, 0), 20.0)};42.666666666666664
0;[0. 0. 0. 0.];4.597619047619048;{1: ((1, 0, 0, 1, 1, 0), 20.0)};91.95238095238096
