;dual pi;dual sigma;optimal sets;val
0;[   0. 1000.    0.];0.0;{0: ((0, 0, 0, 1, 0, 0), 132.378223495702)};20000.000000000004
0;[ 800. 1000.    0.];0.0;{0: ((0, 0, 0, 1, 0, 0), 132.378223495702), 1: ((0, 1, 0, 0, 0, 0), 69.6774193548387)};29600.0
0;[613.26979472 787.14183381   0.        ];32.159090909090914;{0: ((0, 0, 0, 1, 0, 0), 132.378223495702), 1: ((0, 1, 0, 0, 0, 0), 69.6774193548387), 2: ((0, 0, 0, 0, 0, 1), 97.94435714945928)};32749.80148560193
0;[733.10539919 923.74526641 385.05480447];11.520736806098107;{0: ((0, 0, 0, 1, 0, 0), 70.99912293156288), 1: ((0, 1, 0, 0, 0, 0), 6.920892757936762), 2: ((0, 0, 0, 0, 0, 1), 119.48601031313109), 3: ((0, 1, 0, 1, 1, 1), 102.59397399736926)};36889.2680318131
0;[799.39018129 889.33786064 288.06795246];16.71908512406373;{0: ((0, 0, 0, 1, 0, 0), 64.53975461446308), 2: ((0, 0, 0, 0, 0, 1), 122.82583182101068), 3: ((0, 1, 0, 1, 1, 1), 97.4888041574854), 4: ((0, 1, 0, 1, 0, 1), 15.145609407040817)};37004.252164822174
0;[751.07856089 946.65866117 285.77417541];16.842028098050694;{2: ((0, 0, 0, 0, 0, 1), 117.75769950971309), 3: ((0, 1, 0, 1, 1, 1), 72.32088295091086), 4: ((0, 1, 0, 1, 0, 1), 38.36104146229703), 5: ((0, 0, 0, 1, 0, 1), 71.56037607707904)};37571.111190151794
