;dual pi;dual sigma;optimal sets;val
0;[   0. 1000.    0.];0.0;{0: ((0, 0, 0, 1, 0, 0), 224.56254050550874)};50000.0
0;[ 0.         95.04960367  0.        ];201.49184149184148;{0: ((0, 0, 0, 1, 0, 0), 224.56254050550874), 1: ((0, 1, 0, 0, 0, 0), 75.43745949449126)};65200.03263101124
0;[342.14097591   0.           0.        ];222.65512265512265;{0: ((0, 0, 0, 1, 0, 0), 84.21578421578425), 2: ((0, 1, 0, 1, 1, 0), 215.78421578421575)};77060.7660737531
0;[173.63091454   0.           0.        ];246.08270202020202;{2: ((0, 1, 0, 1, 1, 0), 215.78421578421575), 3: ((0, 0, 1, 1, 1, 0), 84.21578421578425)};79033.73804226078
0;[213.11240936  40.99493041   0.        ];235.70844832451303;{2: ((0, 1, 0, 1, 1, 0), 132.62758788086342), 3: ((0, 0, 1, 1, 1, 0), 67.29010507773111), 4: ((0, 1, 1, 1, 1, 0), 100.08230704140547)};79155.65329867168
